<?xml version="1.0" ?><assessmentItem false="adaptive" identifier="UID-2f60309ff8af1e3ebf40785a3a102122" timeDependent="false" title="8" xmlns="http://www.imsglobal.org/xsd/imsqti_v2p0" xmlns:xsi="http://www.w3.org/2001/XMLSchema-instance" xsi:schemaLocation="http://www.imsglobal.org/xsd/imsqti_v2p0 http://www.imsglobal.org/xsd/imsqti_v2p0.xsd"><outcomeDeclaration cardinality="single" identifier="OUTCOME"/><responseDeclaration cardinality="single" identifier="RESPONSE"><correctResponse><value>Choice3</value></correctResponse></responseDeclaration><itemBody><p>What does this icon mean when seen on a website, and what is it used for?</p><choiceInteraction maxChoices="1" responseIdentifier="RESPONSE" shuffle="true"><simpleChoice identifier="Choice0"><p>News, click to show the most recently uploaded content.</p></simpleChoice><simpleChoice identifier="Choice1"><p>Wireless connection, click to link to wireless devices.</p></simpleChoice><simpleChoice identifier="Choice2"><p>RSS feed, click to subscribe to updates (e.g. blog posts).</p></simpleChoice><simpleChoice identifier="Choice3"><p>Share, click to share content via social networks and social news sites.</p></simpleChoice><simpleChoice identifier="Choice4"><p>3</p></simpleChoice></choiceInteraction></itemBody></assessmentItem>