<?xml version="1.0" ?><assessmentItem false="adaptive" identifier="UID-4fe6fb6d51613eb13449a2463724da7d" timeDependent="false" title="1" xmlns="http://www.imsglobal.org/xsd/imsqti_v2p0" xmlns:xsi="http://www.w3.org/2001/XMLSchema-instance" xsi:schemaLocation="http://www.imsglobal.org/xsd/imsqti_v2p0 http://www.imsglobal.org/xsd/imsqti_v2p0.xsd"><outcomeDeclaration cardinality="single" identifier="OUTCOME"/><responseDeclaration cardinality="single" identifier="RESPONSE"><correctResponse><value>Choice2</value></correctResponse></responseDeclaration><itemBody><p>Facebook, MySpace and Bebo are all examples of what type of service?</p><choiceInteraction maxChoices="1" responseIdentifier="RESPONSE" shuffle="true"><simpleChoice identifier="Choice0"><p>E-learning</p></simpleChoice><simpleChoice identifier="Choice1"><p>Social networking</p></simpleChoice><simpleChoice identifier="Choice2"><p>Web portal</p></simpleChoice><simpleChoice identifier="Choice3"><p>Wiki</p></simpleChoice><simpleChoice identifier="Choice4"><p>2</p></simpleChoice></choiceInteraction></itemBody></assessmentItem>