<?xml version="1.0" ?><assessmentItem false="adaptive" identifier="UID-88951104aff4f32ac74052a529984a1d" timeDependent="false" title="4" xmlns="http://www.imsglobal.org/xsd/imsqti_v2p0" xmlns:xsi="http://www.w3.org/2001/XMLSchema-instance" xsi:schemaLocation="http://www.imsglobal.org/xsd/imsqti_v2p0 http://www.imsglobal.org/xsd/imsqti_v2p0.xsd"><outcomeDeclaration cardinality="single" identifier="OUTCOME"/><responseDeclaration cardinality="single" identifier="RESPONSE"><correctResponse><value>Choice1</value></correctResponse></responseDeclaration><itemBody><p>What is the hashtag (#) used for when posting Tweets to Twitter?</p><choiceInteraction maxChoices="1" responseIdentifier="RESPONSE" shuffle="true"><simpleChoice identifier="Choice0"><p>It is used to mark keywords. This helps when searching for Tweets on particular topics.</p></simpleChoice><simpleChoice identifier="Choice1"><p>It is used to indicate the username of the account from which the Tweet is being made.</p></simpleChoice><simpleChoice identifier="Choice2"><p>It is used for replies or mentions, to indicate the name of another user.</p></simpleChoice><simpleChoice identifier="Choice3"><p>It is used to indicate anger or annoyance.</p></simpleChoice><simpleChoice identifier="Choice4"><p>1</p></simpleChoice></choiceInteraction></itemBody></assessmentItem>