<?xml version="1.0" ?><assessmentItem false="adaptive" identifier="UID-0de999b2e644e2ec584c75ee93b247a8" timeDependent="false" title="10" xmlns="http://www.imsglobal.org/xsd/imsqti_v2p0" xmlns:xsi="http://www.w3.org/2001/XMLSchema-instance" xsi:schemaLocation="http://www.imsglobal.org/xsd/imsqti_v2p0 http://www.imsglobal.org/xsd/imsqti_v2p0.xsd"><outcomeDeclaration cardinality="single" identifier="OUTCOME"/><responseDeclaration cardinality="single" identifier="RESPONSE"><correctResponse><value>Choice3</value></correctResponse></responseDeclaration><itemBody><p>Which of the following statements is true?</p><choiceInteraction maxChoices="1" responseIdentifier="RESPONSE" shuffle="true"><simpleChoice identifier="Choice0"><p>Services that use Flash won’t work on mobile devices.</p></simpleChoice><simpleChoice identifier="Choice1"><p> It’s best to avoid services that use Flash because they won’t work on Apple iOS devices (e.g. iPhone and iPad).</p></simpleChoice><simpleChoice identifier="Choice2"><p>If you want good compatibility with a range of mobile devices, it’s best to avoid services which use Flash.</p></simpleChoice><simpleChoice identifier="Choice3"><p> Most mobile devices support Flash.</p></simpleChoice><simpleChoice identifier="Choice4"><p>3</p></simpleChoice></choiceInteraction></itemBody></assessmentItem>