<?xml version="1.0" ?><assessmentItem false="adaptive" identifier="UID-209bd23b88fbe1309ad577bb89f11b85" timeDependent="false" title="7" xmlns="http://www.imsglobal.org/xsd/imsqti_v2p0" xmlns:xsi="http://www.w3.org/2001/XMLSchema-instance" xsi:schemaLocation="http://www.imsglobal.org/xsd/imsqti_v2p0 http://www.imsglobal.org/xsd/imsqti_v2p0.xsd"><outcomeDeclaration cardinality="single" identifier="OUTCOME"/><responseDeclaration cardinality="single" identifier="RESPONSE"><correctResponse><value>Choice4</value></correctResponse></responseDeclaration><itemBody><p>What is this icon, often seen on websites, used for?</p><choiceInteraction maxChoices="1" responseIdentifier="RESPONSE" shuffle="true"><simpleChoice identifier="Choice0"><p>Sending content to your mobile device.</p></simpleChoice><simpleChoice identifier="Choice1"><p>Bookmarking sites in your web browser.</p></simpleChoice><simpleChoice identifier="Choice2"><p>Peer-to-peer file sharing.</p></simpleChoice><simpleChoice identifier="Choice3"><p>Sharing web content via social networking, social news and bookmarking sites.</p></simpleChoice><simpleChoice identifier="Choice4"><p>4</p></simpleChoice></choiceInteraction></itemBody></assessmentItem>