<?xml version="1.0" ?><assessmentItem false="adaptive" identifier="UID-5a72423893bb5b4d17ed1b5d0aff4c44" timeDependent="false" title="2" xmlns="http://www.imsglobal.org/xsd/imsqti_v2p0" xmlns:xsi="http://www.w3.org/2001/XMLSchema-instance" xsi:schemaLocation="http://www.imsglobal.org/xsd/imsqti_v2p0 http://www.imsglobal.org/xsd/imsqti_v2p0.xsd"><outcomeDeclaration cardinality="single" identifier="OUTCOME"/><responseDeclaration cardinality="single" identifier="RESPONSE"><correctResponse><value>Choice3</value></correctResponse></responseDeclaration><itemBody><p>Twitter is an example of what type of service?</p><choiceInteraction maxChoices="1" responseIdentifier="RESPONSE" shuffle="true"><simpleChoice identifier="Choice0"><p>Blogging</p></simpleChoice><simpleChoice identifier="Choice1"><p>Programming</p></simpleChoice><simpleChoice identifier="Choice2"><p>Gaming</p></simpleChoice><simpleChoice identifier="Choice3"><p>Microblogging</p></simpleChoice><simpleChoice identifier="Choice4"><p>3</p></simpleChoice></choiceInteraction></itemBody></assessmentItem>