<?xml version="1.0" ?><assessmentItem false="adaptive" identifier="UID-a836e98de1f21b3c24cc2a2b7a9f5756" timeDependent="false" title="3" xmlns="http://www.imsglobal.org/xsd/imsqti_v2p0" xmlns:xsi="http://www.w3.org/2001/XMLSchema-instance" xsi:schemaLocation="http://www.imsglobal.org/xsd/imsqti_v2p0 http://www.imsglobal.org/xsd/imsqti_v2p0.xsd"><outcomeDeclaration cardinality="single" identifier="OUTCOME"/><responseDeclaration cardinality="single" identifier="RESPONSE"><correctResponse><value>Choice4</value></correctResponse></responseDeclaration><itemBody><p>In relation to mobile digital devices, what does the term 'app' mean?</p><choiceInteraction maxChoices="1" responseIdentifier="RESPONSE" shuffle="true"><simpleChoice identifier="Choice0"><p>An abbreviation of 'Apple', the technology corporation</p></simpleChoice><simpleChoice identifier="Choice1"><p>An application designed to run on the Apple iPhone.</p></simpleChoice><simpleChoice identifier="Choice2"><p>An application designed to run on the Apple iPod.</p></simpleChoice><simpleChoice identifier="Choice3"><p>An application designed to run on a mobile device.</p></simpleChoice><simpleChoice identifier="Choice4"><p>4</p></simpleChoice></choiceInteraction></itemBody></assessmentItem>