<?xml version="1.0" ?><assessmentItem false="adaptive" identifier="UID-b9bfca98d1f5b3c568482feb654a89c7" timeDependent="false" title="6" xmlns="http://www.imsglobal.org/xsd/imsqti_v2p0" xmlns:xsi="http://www.w3.org/2001/XMLSchema-instance" xsi:schemaLocation="http://www.imsglobal.org/xsd/imsqti_v2p0 http://www.imsglobal.org/xsd/imsqti_v2p0.xsd"><outcomeDeclaration cardinality="single" identifier="OUTCOME"/><responseDeclaration cardinality="single" identifier="RESPONSE"><correctResponse><value>Choice3</value></correctResponse></responseDeclaration><itemBody><p>WordPress, Typepad and Expression Engine can all be used for what?</p><choiceInteraction maxChoices="1" responseIdentifier="RESPONSE" shuffle="true"><simpleChoice identifier="Choice0"><p>Blogging</p></simpleChoice><simpleChoice identifier="Choice1"><p>Word processing.</p></simpleChoice><simpleChoice identifier="Choice2"><p>Content management.</p></simpleChoice><simpleChoice identifier="Choice3"><p>Peer-to-peer file sharing.</p></simpleChoice><simpleChoice identifier="Choice4"><p>3</p></simpleChoice></choiceInteraction></itemBody></assessmentItem>