<?xml version="1.0" ?><assessmentItem false="adaptive" identifier="UID-94051b4747b1366d65029c943fdb3a7a" timeDependent="false" title="5" xmlns="http://www.imsglobal.org/xsd/imsqti_v2p0" xmlns:xsi="http://www.w3.org/2001/XMLSchema-instance" xsi:schemaLocation="http://www.imsglobal.org/xsd/imsqti_v2p0 http://www.imsglobal.org/xsd/imsqti_v2p0.xsd"><outcomeDeclaration cardinality="single" identifier="OUTCOME"/><responseDeclaration cardinality="single" identifier="RESPONSE"><correctResponse><value>Choice3</value></correctResponse></responseDeclaration><itemBody><p>What do Google Drive, EtherPad and Zoho have in common?</p><choiceInteraction maxChoices="1" responseIdentifier="RESPONSE" shuffle="true"><simpleChoice identifier="Choice0"><p>They are all video sharing services.</p></simpleChoice><simpleChoice identifier="Choice1"><p>They are all owned by Rupert Murdoch’s News Corporation.</p></simpleChoice><simpleChoice identifier="Choice2"><p>They all enable several users to collaborate in creating and editing documents</p></simpleChoice><simpleChoice identifier="Choice3"><p>None of them support mobile devices.</p></simpleChoice><simpleChoice identifier="Choice4"><p>3</p></simpleChoice></choiceInteraction></itemBody></assessmentItem>