<?xml version="1.0" ?><assessmentItem false="adaptive" identifier="UID-d688894363e675c83ccdc2f42761ea6e" timeDependent="false" title="9" xmlns="http://www.imsglobal.org/xsd/imsqti_v2p0" xmlns:xsi="http://www.w3.org/2001/XMLSchema-instance" xsi:schemaLocation="http://www.imsglobal.org/xsd/imsqti_v2p0 http://www.imsglobal.org/xsd/imsqti_v2p0.xsd"><outcomeDeclaration cardinality="single" identifier="OUTCOME"/><responseDeclaration cardinality="single" identifier="RESPONSE"><correctResponse><value>Choice4</value></correctResponse></responseDeclaration><itemBody><p>What is the difference between Slideshare and Prezi?</p><choiceInteraction maxChoices="1" responseIdentifier="RESPONSE" shuffle="true"><simpleChoice identifier="Choice0"><p>Prezi won’t work on Apple iOS devices (iPhone and iPad), Slideshare will.</p></simpleChoice><simpleChoice identifier="Choice1"><p>Slideshare has better support for audio.</p></simpleChoice><simpleChoice identifier="Choice2"><p>You can upload PDF files to Prezi but not to Slideshare.</p></simpleChoice><simpleChoice identifier="Choice3"><p>Prezi uses pan and zoom, Slideshare is more sequential.</p></simpleChoice><simpleChoice identifier="Choice4"><p>4</p></simpleChoice></choiceInteraction></itemBody></assessmentItem>