<?xml version="1.0" ?> <manifest identifier="MANIFEST-4660b46eae1111e38bd20800270301f9" xmlns="http://www.imsglobal.org/xsd/imscp_v1p1" xmlns:imsmd="http://www.imsglobal.org/xsd/imsmd_v1p2" xmlns:imsqti="http://www.imsglobal.org/xsd/imsqti_v2p0" xmlns:imsss="http://www.imsglobal.org/xsd/imsss" xmlns:llsmc="http://wwwai.cs.uni-magdeburg.de/llsmc/v1.0" xmlns:xsi="http://www.w3.org/2001/XMLSchema-instance" xsi:schemaLocation="http://www.imsglobal.org/xsd/imscp_v1p1 http://www.imsglobal.org/xsd/imscp_v1p1.xsd http://www.imsglobal.org/xsd/imsmd_v1p2 http://www.imsglobal.org/xsd/imsmd_v1p2p2.xsd http://www.imsglobal.org/xsd/imsqti_v2p0 http://www.imsglobal.org/xsd/imsqti_v2p0.xsd"><metadata><schema>IMS QTI</schema><schemaversion>2.0</schemaversion><imsqti:qtiMetadata><imsqti:toolName>LlsMultipleChoice</imsqti:toolName><imsqti:toolVersion>1.0</imsqti:toolVersion><imsqti:toolVendor>Alteroo Consulting Group</imsqti:toolVendor></imsqti:qtiMetadata><imsmd:lom><imsmd:general><imsmd:title><imsmd:langstring xml:lang="en">default</imsmd:langstring></imsmd:title></imsmd:general></imsmd:lom></metadata><organizations><organization identifier="ORGANIZATION-1"><title>Default Organization</title><item identifier="TEST-1" identifierref="UID-4660b46eae1111e38bd20800270301f9"><item identifier="TEST-1-ITEM-1" identifierref="UID-4fe6fb6d51613eb13449a2463724da7d"><llsmc:weight>1</llsmc:weight><imsss:sequencing><imsss:randomizationControls randomizationTiming="onEachNewAttempt" reorderChildren="true"/></imsss:sequencing><llsmc:tutorGraded>false</llsmc:tutorGraded></item><item identifier="TEST-1-ITEM-2" identifierref="UID-5a72423893bb5b4d17ed1b5d0aff4c44"><llsmc:weight>1</llsmc:weight><imsss:sequencing><imsss:randomizationControls randomizationTiming="onEachNewAttempt" reorderChildren="true"/></imsss:sequencing><llsmc:tutorGraded>false</llsmc:tutorGraded></item><item identifier="TEST-1-ITEM-3" identifierref="UID-a836e98de1f21b3c24cc2a2b7a9f5756"><llsmc:weight>1</llsmc:weight><imsss:sequencing><imsss:randomizationControls randomizationTiming="onEachNewAttempt" reorderChildren="true"/></imsss:sequencing><llsmc:tutorGraded>false</llsmc:tutorGraded></item><item identifier="TEST-1-ITEM-4" identifierref="UID-88951104aff4f32ac74052a529984a1d"><llsmc:weight>1</llsmc:weight><imsss:sequencing><imsss:randomizationControls randomizationTiming="onEachNewAttempt" reorderChildren="true"/></imsss:sequencing><llsmc:tutorGraded>false</llsmc:tutorGraded></item><item identifier="TEST-1-ITEM-5" identifierref="UID-94051b4747b1366d65029c943fdb3a7a"><llsmc:weight>1</llsmc:weight><imsss:sequencing><imsss:randomizationControls randomizationTiming="onEachNewAttempt" reorderChildren="true"/></imsss:sequencing><llsmc:tutorGraded>false</llsmc:tutorGraded></item><item identifier="TEST-1-ITEM-6" identifierref="UID-b9bfca98d1f5b3c568482feb654a89c7"><llsmc:weight>1</llsmc:weight><imsss:sequencing><imsss:randomizationControls randomizationTiming="onEachNewAttempt" reorderChildren="true"/></imsss:sequencing><llsmc:tutorGraded>false</llsmc:tutorGraded></item><item identifier="TEST-1-ITEM-7" identifierref="UID-209bd23b88fbe1309ad577bb89f11b85"><llsmc:weight>1</llsmc:weight><imsss:sequencing><imsss:randomizationControls randomizationTiming="onEachNewAttempt" reorderChildren="true"/></imsss:sequencing><llsmc:tutorGraded>false</llsmc:tutorGraded></item><item identifier="TEST-1-ITEM-8" identifierref="UID-2f60309ff8af1e3ebf40785a3a102122"><llsmc:weight>1</llsmc:weight><imsss:sequencing><imsss:randomizationControls randomizationTiming="onEachNewAttempt" reorderChildren="true"/></imsss:sequencing><llsmc:tutorGraded>false</llsmc:tutorGraded></item><item identifier="TEST-1-ITEM-9" identifierref="UID-d688894363e675c83ccdc2f42761ea6e"><llsmc:weight>1</llsmc:weight><imsss:sequencing><imsss:randomizationControls randomizationTiming="onEachNewAttempt" reorderChildren="true"/></imsss:sequencing><llsmc:tutorGraded>false</llsmc:tutorGraded></item><item identifier="TEST-1-ITEM-10" identifierref="UID-0de999b2e644e2ec584c75ee93b247a8"><llsmc:weight>1</llsmc:weight><imsss:sequencing><imsss:randomizationControls randomizationTiming="onEachNewAttempt" reorderChildren="true"/></imsss:sequencing><llsmc:tutorGraded>false</llsmc:tutorGraded></item><imsss:sequencing><imsss:randomizationControls reorderChildren="false"/></imsss:sequencing></item><imsss:sequencing><imsss:limitConditions attemptLimit="1"/><llsmc:instantFeedback>false</llsmc:instantFeedback><llsmc:oneQuestionPerPage>true</llsmc:oneQuestionPerPage><llsmc:allowNavigation>true</llsmc:allowNavigation></imsss:sequencing><llsmc:scoringFunction>guessing</llsmc:scoringFunction></organization></organizations><resources><resource href="content/container0.xml" identifier="UID-4660b46eae1111e38bd20800270301f9" type="imsqti_item_xmlv2p0"><metadata><imsmd:lom><imsmd:general><imsmd:title><imsmd:langstring xml:lang="en">default</imsmd:langstring></imsmd:title> </imsmd:general></imsmd:lom></metadata><file href="content/container0.xml"/></resource><resource href="content/container0_question0.xml" identifier="UID-4fe6fb6d51613eb13449a2463724da7d" type="imsqti_item_xmlv2p0"><metadata><imsmd:lom><imsmd:general><imsmd:title><imsmd:langstring xml:lang="en">1</imsmd:langstring></imsmd:title></imsmd:general></imsmd:lom><imsqti:qtiMetadata><imsqti:interactionType>choiceInteraction</imsqti:interactionType></imsqti:qtiMetadata></metadata><file href="content/container0_question0.xml"/></resource><resource href="content/container0_question1.xml" identifier="UID-5a72423893bb5b4d17ed1b5d0aff4c44" type="imsqti_item_xmlv2p0"><metadata><imsmd:lom><imsmd:general><imsmd:title><imsmd:langstring xml:lang="en">2</imsmd:langstring></imsmd:title></imsmd:general></imsmd:lom><imsqti:qtiMetadata><imsqti:interactionType>choiceInteraction</imsqti:interactionType></imsqti:qtiMetadata></metadata><file href="content/container0_question1.xml"/></resource><resource href="content/container0_question2.xml" identifier="UID-a836e98de1f21b3c24cc2a2b7a9f5756" type="imsqti_item_xmlv2p0"><metadata><imsmd:lom><imsmd:general><imsmd:title><imsmd:langstring xml:lang="en">3</imsmd:langstring></imsmd:title></imsmd:general></imsmd:lom><imsqti:qtiMetadata><imsqti:interactionType>choiceInteraction</imsqti:interactionType></imsqti:qtiMetadata></metadata><file href="content/container0_question2.xml"/></resource><resource href="content/container0_question3.xml" identifier="UID-88951104aff4f32ac74052a529984a1d" type="imsqti_item_xmlv2p0"><metadata><imsmd:lom><imsmd:general><imsmd:title><imsmd:langstring xml:lang="en">4</imsmd:langstring></imsmd:title></imsmd:general></imsmd:lom><imsqti:qtiMetadata><imsqti:interactionType>choiceInteraction</imsqti:interactionType></imsqti:qtiMetadata></metadata><file href="content/container0_question3.xml"/></resource><resource href="content/container0_question4.xml" identifier="UID-94051b4747b1366d65029c943fdb3a7a" type="imsqti_item_xmlv2p0"><metadata><imsmd:lom><imsmd:general><imsmd:title><imsmd:langstring xml:lang="en">5</imsmd:langstring></imsmd:title></imsmd:general></imsmd:lom><imsqti:qtiMetadata><imsqti:interactionType>choiceInteraction</imsqti:interactionType></imsqti:qtiMetadata></metadata><file href="content/container0_question4.xml"/></resource><resource href="content/container0_question5.xml" identifier="UID-b9bfca98d1f5b3c568482feb654a89c7" type="imsqti_item_xmlv2p0"><metadata><imsmd:lom><imsmd:general><imsmd:title><imsmd:langstring xml:lang="en">6</imsmd:langstring></imsmd:title></imsmd:general></imsmd:lom><imsqti:qtiMetadata><imsqti:interactionType>choiceInteraction</imsqti:interactionType></imsqti:qtiMetadata></metadata><file href="content/container0_question5.xml"/></resource><resource href="content/container0_question6.xml" identifier="UID-209bd23b88fbe1309ad577bb89f11b85" type="imsqti_item_xmlv2p0"><metadata><imsmd:lom><imsmd:general><imsmd:title><imsmd:langstring xml:lang="en">7</imsmd:langstring></imsmd:title></imsmd:general></imsmd:lom><imsqti:qtiMetadata><imsqti:interactionType>choiceInteraction</imsqti:interactionType></imsqti:qtiMetadata></metadata><file href="content/container0_question6.xml"/></resource><resource href="content/container0_question7.xml" identifier="UID-2f60309ff8af1e3ebf40785a3a102122" type="imsqti_item_xmlv2p0"><metadata><imsmd:lom><imsmd:general><imsmd:title><imsmd:langstring xml:lang="en">8</imsmd:langstring></imsmd:title></imsmd:general></imsmd:lom><imsqti:qtiMetadata><imsqti:interactionType>choiceInteraction</imsqti:interactionType></imsqti:qtiMetadata></metadata><file href="content/container0_question7.xml"/></resource><resource href="content/container0_question8.xml" identifier="UID-d688894363e675c83ccdc2f42761ea6e" type="imsqti_item_xmlv2p0"><metadata><imsmd:lom><imsmd:general><imsmd:title><imsmd:langstring xml:lang="en">9</imsmd:langstring></imsmd:title></imsmd:general></imsmd:lom><imsqti:qtiMetadata><imsqti:interactionType>choiceInteraction</imsqti:interactionType></imsqti:qtiMetadata></metadata><file href="content/container0_question8.xml"/></resource><resource href="content/container0_question9.xml" identifier="UID-0de999b2e644e2ec584c75ee93b247a8" type="imsqti_item_xmlv2p0"><metadata><imsmd:lom><imsmd:general><imsmd:title><imsmd:langstring xml:lang="en">10</imsmd:langstring></imsmd:title></imsmd:general></imsmd:lom><imsqti:qtiMetadata><imsqti:interactionType>choiceInteraction</imsqti:interactionType></imsqti:qtiMetadata></metadata><file href="content/container0_question9.xml"/></resource></resources></manifest>